<?xml version="1.0" encoding="UTF-8"?>
<ivy-module version="2.0" xmlns:m="http://ant.apache.org/ivy/maven">
	<info organisation="com.syncthemall"
		module="boilerpipe"
		revision="1.2.2"
		status="release"
		publication="20140321113329"
	>
		<license name="Apache License 2.0" url="http://www.apache.org/licenses/LICENSE-2.0.txt" />
		<description homepage="https://github.com/vanduynslagerp/boilerpipe">
		Repackaging of Dropbox Java SDK with minor bug fixes and published on Maven Central Repository.
		</description>
		<m:properties__source.version>1.7</m:properties__source.version>
		<m:properties__project.build.sourceEncoding>UTF-8</m:properties__project.build.sourceEncoding>
		<m:maven.plugins>org.apache.maven.plugins__maven-jar-plugin__2.4|org.apache.maven.plugins__maven-compiler-plugin__3.1|org.apache.maven.plugins__maven-resources-plugin__2.6|com.mycila__license-maven-plugin__2.5|org.apache.maven.plugins__maven-source-plugin__2.2.1|org.apache.maven.plugins__maven-release-plugin__2.4.1|org.apache.maven.plugins__maven-deploy-plugin__2.8.1|org.apache.maven.plugins__maven-javadoc-plugin__2.9|org.apache.maven.plugins__maven-gpg-plugin__1.4</m:maven.plugins>
	</info>
	<configurations>
		<conf name="default" visibility="public" description="runtime dependencies and master artifact can be used with this conf" extends="runtime,master"/>
		<conf name="master" visibility="public" description="contains only the artifact published by this module itself, with no transitive dependencies"/>
		<conf name="compile" visibility="public" description="this is the default scope, used if none is specified. Compile dependencies are available in all classpaths."/>
		<conf name="provided" visibility="public" description="this is much like compile, but indicates you expect the JDK or a container to provide it. It is only available on the compilation classpath, and is not transitive."/>
		<conf name="runtime" visibility="public" description="this scope indicates that the dependency is not required for compilation, but is for execution. It is in the runtime and test classpaths, but not the compile classpath." extends="compile"/>
		<conf name="test" visibility="private" description="this scope indicates that the dependency is not required for normal use of the application, and is only available for the test compilation and execution phases." extends="runtime"/>
		<conf name="system" visibility="public" description="this scope is similar to provided except that you have to provide the JAR which contains it explicitly. The artifact is always available and is not looked up in a repository."/>
		<conf name="sources" visibility="public" description="this configuration contains the source artifact of this module, if any."/>
		<conf name="javadoc" visibility="public" description="this configuration contains the javadoc artifact of this module, if any."/>
		<conf name="optional" visibility="public" description="contains all optional dependencies"/>
	</configurations>
	<publications>
		<artifact name="boilerpipe" type="jar" ext="jar" conf="master"/>
	</publications>
	<dependencies>
		<dependency org="net.sourceforge.nekohtml" name="nekohtml" rev="1.9.20" force="true" conf="compile->compile(*),master(compile);runtime->runtime(*)"/>
		<dependency org="xerces" name="xercesImpl" rev="2.11.0" force="true" conf="compile->compile(*),master(compile);runtime->runtime(*)"/>
	</dependencies>
</ivy-module>
