<?xml version="1.0" encoding="UTF-8"?>
<ivy-module version="2.0" xmlns:m="http://ant.apache.org/ivy/maven">
	<info organisation="com.typesafe.akka"
		module="akka-contrib_2.10"
		revision="2.3.6"
		status="release"
		publication="20140905143905"
	>
		<license name="Apache License, Version 2.0" url="http://www.apache.org/licenses/LICENSE-2.0" />
		<description homepage="http://akka.io/">
		This subproject provides a home to modules contributed by external developers which may or may not move into the officially supported code base over time. A module in this subproject doesn&apos;t have to obey the rule of staying binary compatible between minor releases. Breaking API changes may be introduced in minor releases without notice as we refine and simplify based on your feedback. A module may be dropped in any release without prior deprecation. The Typesafe subscription does not cover support for these modules.
		</description>
	</info>
	<configurations>
		<conf name="default" visibility="public" description="runtime dependencies and master artifact can be used with this conf" extends="runtime,master"/>
		<conf name="master" visibility="public" description="contains only the artifact published by this module itself, with no transitive dependencies"/>
		<conf name="compile" visibility="public" description="this is the default scope, used if none is specified. Compile dependencies are available in all classpaths."/>
		<conf name="provided" visibility="public" description="this is much like compile, but indicates you expect the JDK or a container to provide it. It is only available on the compilation classpath, and is not transitive."/>
		<conf name="runtime" visibility="public" description="this scope indicates that the dependency is not required for compilation, but is for execution. It is in the runtime and test classpaths, but not the compile classpath." extends="compile"/>
		<conf name="test" visibility="private" description="this scope indicates that the dependency is not required for normal use of the application, and is only available for the test compilation and execution phases." extends="runtime"/>
		<conf name="system" visibility="public" description="this scope is similar to provided except that you have to provide the JAR which contains it explicitly. The artifact is always available and is not looked up in a repository."/>
		<conf name="sources" visibility="public" description="this configuration contains the source artifact of this module, if any."/>
		<conf name="javadoc" visibility="public" description="this configuration contains the javadoc artifact of this module, if any."/>
		<conf name="optional" visibility="public" description="contains all optional dependencies"/>
	</configurations>
	<publications>
		<artifact name="akka-contrib_2.10" type="jar" ext="jar" conf="master"/>
	</publications>
	<dependencies>
		<dependency org="org.scala-lang" name="scala-library" rev="2.10.4" force="true" conf="compile->compile(*),master(compile);runtime->runtime(*)"/>
		<dependency org="com.typesafe.akka" name="akka-remote_2.10" rev="2.3.6" force="true" conf="compile->compile(*),master(compile);runtime->runtime(*)"/>
		<dependency org="com.typesafe.akka" name="akka-remote-tests_2.10" rev="2.3.6" force="true" conf="test->runtime(*),master(compile)"/>
		<dependency org="com.typesafe.akka" name="akka-cluster_2.10" rev="2.3.6" force="true" conf="compile->compile(*),master(compile);runtime->runtime(*)"/>
		<dependency org="com.typesafe.akka" name="akka-persistence-experimental_2.10" rev="2.3.6" force="true" conf="compile->compile(*),master(compile);runtime->runtime(*)"/>
		<dependency org="com.novocode" name="junit-interface" rev="0.10" force="true" conf="test->runtime(*),master(compile)"/>
		<dependency org="commons-io" name="commons-io" rev="2.4" force="true" conf="test->runtime(*),master(compile)"/>
	</dependencies>
</ivy-module>
